Id,y
10000.0,-66.00242349023135
10001.0,451.40650440115496
10002.0,-461.6764170602992
10003.0,40.50120875372306
10004.0,-126.74472245403697
10005.0,-342.5345518192509
10006.0,-396.55554211358924
10007.0,335.5412790790874
10008.0,-99.51242087062352
10009.0,304.8125398062759
10010.0,68.89453048978547
10011.0,412.36919545590706
10012.0,54.94237102476804
10013.0,-17.0055507547798
10014.0,-597.8499575722611
10015.0,443.5022887864149
10016.0,144.77448697804348
10017.0,-57.411163672536475
10018.0,134.38782757746054
10019.0,-108.9837759891087
10020.0,153.82482842506698
10021.0,611.7359836022022
10022.0,588.3896503384219
10023.0,-131.01679995801985
10024.0,-61.13562114122957
10025.0,-374.24849531697265
10026.0,74.157993079654
10027.0,137.43837873610443
10028.0,420.08661179679046
10029.0,196.76562571344272
10030.0,268.44284980053163
10031.0,638.4749102511089
10032.0,127.37873138691971
10033.0,1.349118758399942
10034.0,22.710453177408
10035.0,342.2395345225647
10036.0,307.7039669741719
10037.0,348.1382087009398
10038.0,-168.65286130735427
10039.0,-20.221130904617215
10040.0,-551.7499275731114
10041.0,-429.9718040667402
10042.0,261.891958706744
10043.0,389.8204261292213
10044.0,-96.16562227356556
10045.0,-210.71080125632426
10046.0,278.8818687840112
10047.0,-427.45330103104914
10048.0,-172.90325291756716
10049.0,467.2643783557858
10050.0,-631.5587355874388
10051.0,-355.53165933817854
10052.0,143.17327553860383
10053.0,69.1992025989421
10054.0,275.58827397672536
10055.0,-263.1886122041024
10056.0,167.4983072324126
10057.0,104.57789589014257
10058.0,230.0700866100754
10059.0,20.98802664457653
10060.0,-4.822581262501592
10061.0,-201.92294081063733
10062.0,560.06392656577
10063.0,55.288476252449016
10064.0,671.3015746918347
10065.0,-493.7487382852285
10066.0,-279.35303673259205
10067.0,-53.71252761314794
10068.0,379.69819550097543
10069.0,315.0714108579814
10070.0,169.13001732614316
10071.0,-271.59930326901133
10072.0,783.8022226750342
10073.0,44.5773115155485
10074.0,57.4067800545774
10075.0,-161.07827414306797
10076.0,-220.66957847885737
10077.0,223.24129442929174
10078.0,352.66559554375414
10079.0,13.163291366265593
10080.0,-461.9941469857305
10081.0,305.3721466914234
10082.0,-230.59656173861126
10083.0,359.07444324254396
10084.0,-430.2605633759214
10085.0,-115.54882205546191
10086.0,-88.96006387867371
10087.0,-488.2901898080419
10088.0,-139.35033854713527
10089.0,57.338808108526926
10090.0,-190.33624272166423
10091.0,-6.5080929148245446
10092.0,189.29107774701828
10093.0,346.60367818565527
10094.0,871.6273206485897
10095.0,-147.01353738653853
10096.0,443.4899377794298
10097.0,-30.498432974436945
10098.0,185.46345753445937
10099.0,-119.917171517328
10100.0,43.575238001807406
10101.0,58.318571552244386
10102.0,-197.15246829839765
10103.0,-70.4716067884122
10104.0,-342.8460532886677
10105.0,-29.233589873716994
10106.0,49.52292929610362
10107.0,-16.246144137913188
10108.0,33.77506926160693
10109.0,-68.8830774832414
10110.0,25.86339949369683
10111.0,-617.3142842716954
10112.0,-185.90441301194892
10113.0,323.78310610938627
10114.0,-35.66219572212786
10115.0,-733.5297711613837
10116.0,-240.73856264736105
10117.0,-381.9731466242489
10118.0,75.31994462169496
10119.0,36.61032645911787
10120.0,-28.756270225023115
10121.0,-481.16062796858796
10122.0,408.8502304229886
10123.0,-765.0217471991634
10124.0,178.07269651637046
10125.0,-7.64987938567325
10126.0,134.79684623375923
10127.0,-477.4585142128702
10128.0,-248.706253013236
10129.0,-361.8846572238637
10130.0,-18.755611748554212
10131.0,7.795604374434629
10132.0,-109.10598972538362
10133.0,-63.0737452421943
10134.0,591.8231837349157
10135.0,259.61263369662777
10136.0,-279.86583200876754
10137.0,93.22535940051841
10138.0,-427.2873154191352
10139.0,84.38656633089813
10140.0,-311.5446306441554
10141.0,11.419268612561542
10142.0,-297.83146842358514
10143.0,-331.9289709686433
10144.0,656.0132305257305
10145.0,-476.6626813650537
10146.0,361.19404513377464
10147.0,-150.1852686119229
10148.0,299.9467190243239
10149.0,-191.72143219270782
10150.0,151.94999511612014
10151.0,-64.67275781576419
10152.0,351.24486163063347
10153.0,-370.63644575627245
10154.0,349.224981786111
10155.0,273.5246096168014
10156.0,783.1971843196874
10157.0,-124.23788973574017
10158.0,-155.22004432990823
10159.0,-506.9556493864102
10160.0,201.69321238561537
10161.0,-415.17405715963616
10162.0,-348.1651051695647
10163.0,-201.95224108680966
10164.0,-658.9504470533369
10165.0,179.34640168171524
10166.0,124.06925816168723
10167.0,-209.15025355201777
10168.0,213.70513477400573
10169.0,-82.11721023808934
10170.0,-97.11026989726858
10171.0,124.26800574648045
10172.0,50.289915657142856
10173.0,538.7439592813369
10174.0,630.0175345543369
10175.0,217.2592778265442
10176.0,-491.7337413267076
10177.0,-131.14175113883275
10178.0,362.3930224172945
10179.0,-14.36303805540822
10180.0,-30.26175736167628
10181.0,-107.32358076729918
10182.0,-334.06259292967184
10183.0,299.5063996464328
10184.0,-103.47221484505344
10185.0,179.82049946719422
10186.0,122.20070887900692
10187.0,86.58037161690629
10188.0,386.482560566992
10189.0,-613.3611745045823
10190.0,-269.81638738346277
10191.0,260.7314512622858
10192.0,-44.62016128042724
10193.0,-159.15717576416858
10194.0,-145.2455987935752
10195.0,447.2282148760013
10196.0,476.35698596959463
10197.0,121.79421345327242
10198.0,-1.5356790561064826
10199.0,410.7440965387812
10200.0,90.82809979964745
10201.0,150.07336956845117
10202.0,24.033652961546817
10203.0,273.8866340536305
10204.0,-154.5292603802509
10205.0,42.588901507065806
10206.0,617.3417063168563
10207.0,38.93936076142963
10208.0,-91.43610119490415
10209.0,225.3532747739113
10210.0,151.0582757708565
10211.0,-86.91664773646002
10212.0,-101.71788958007298
10213.0,161.9377650260551
10214.0,357.87041410354556
10215.0,32.145978186554245
10216.0,-379.14539920029216
10217.0,-165.9421322236719
10218.0,257.453921694541
10219.0,-124.83850779184118
10220.0,47.08451472299201
10221.0,-67.05065138980201
10222.0,287.17334413416376
10223.0,836.2674277701623
10224.0,-78.73329260205637
10225.0,-293.00922915219377
10226.0,284.91632646225605
10227.0,377.9514320082277
10228.0,-473.94261958972277
10229.0,-538.8094549766042
10230.0,-372.90475040318677
10231.0,-83.37700889968748
10232.0,157.4620595191128
10233.0,167.5029145615103
10234.0,-105.69040574319642
10235.0,561.1616879176283
10236.0,-149.35531895746803
10237.0,196.9668051235223
10238.0,-33.81991172757962
10239.0,5.199419882337497
10240.0,-121.70842296063249
10241.0,53.47357981737842
10242.0,531.2918938411246
10243.0,-157.60262258937593
10244.0,-183.77196239261227
10245.0,643.8322464256623
10246.0,17.78030601012947
10247.0,-92.07939719460269
10248.0,485.4931646050748
10249.0,-221.23657860793924
10250.0,490.60650504846154
10251.0,-43.67715915425043
10252.0,139.93322987117645
10253.0,207.50447442761106
10254.0,17.09264702436018
10255.0,-396.4720331605291
10256.0,-168.30166761529154
10257.0,-75.59324100124431
10258.0,-292.0735078007695
10259.0,-59.37366534663315
10260.0,247.36904706438435
10261.0,206.83112758185638
10262.0,17.4624644640802
10263.0,-181.81148500656963
10264.0,300.17615094548603
10265.0,-567.6387247955888
10266.0,311.593272852635
10267.0,-9.929511835492075
10268.0,161.407823045478
10269.0,272.3855992297234
10270.0,55.122457419425544
10271.0,-15.278267412197673
10272.0,286.40230194290285
10273.0,387.88861194347453
10274.0,-148.57888863638655
10275.0,171.95235244839586
10276.0,-411.570592222679
10277.0,213.8025382707521
10278.0,133.9300243737172
10279.0,-99.01717750124169
10280.0,-162.41724224558237
10281.0,-39.074190113478764
10282.0,-295.1584521832394
10283.0,141.3248135435957
10284.0,163.05983005334588
10285.0,-55.4554014624177
10286.0,-145.7406760935216
10287.0,16.35046243635452
10288.0,-364.2985584828285
10289.0,558.6630187376728
10290.0,40.050661219007544
10291.0,67.63734504297001
10292.0,559.8400846554663
10293.0,469.8069471574157
10294.0,-149.49980105452948
10295.0,-328.82278669969634
10296.0,425.77131704667437
10297.0,85.50466241179477
10298.0,-166.91553705584943
10299.0,-662.2984070393496
10300.0,50.28039165300363
10301.0,-11.355718332961782
10302.0,-451.81126444953054
10303.0,78.67283313413114
10304.0,-386.8187999173566
10305.0,-273.2273830523715
10306.0,352.0150454400221
10307.0,-263.84804091810213
10308.0,-214.73022299361187
10309.0,-84.88115489738432
10310.0,745.8832791254225
10311.0,-418.9751084522736
10312.0,739.1991251661944
10313.0,-469.0774263529477
10314.0,481.8298448656713
10315.0,363.2079747874407
10316.0,-270.25304182071903
10317.0,-399.59212471613193
10318.0,234.45728030706428
10319.0,-38.734693570326364
10320.0,238.36874871850696
10321.0,28.697441990182785
10322.0,238.23095785965285
10323.0,-130.00744030000126
10324.0,-681.2945617788498
10325.0,61.58065295954255
10326.0,-444.9298506709591
10327.0,-14.71320839284068
10328.0,680.4767823428567
10329.0,288.73260649376414
10330.0,839.9704901556719
10331.0,416.65747651917934
10332.0,167.35603728915683
10333.0,-86.77953786706863
10334.0,332.76996760043664
10335.0,-201.33443093425367
10336.0,-43.62508298784137
10337.0,-107.90237779609704
10338.0,-284.03573802517064
10339.0,232.60855717832573
10340.0,237.83315171539985
10341.0,74.39980567720308
10342.0,255.51770406364594
10343.0,-168.64961928561027
10344.0,68.56334601629001
10345.0,-365.4419817252605
10346.0,189.70649886094606
10347.0,-369.83324976670895
10348.0,-250.90024390237787
10349.0,76.31355019623216
10350.0,-344.9455092337759
10351.0,-187.4233932681256
10352.0,482.1697569825218
10353.0,125.75266972885989
10354.0,450.6919437521853
10355.0,216.17619018208205
10356.0,34.3419357193048
10357.0,57.51145596121521
10358.0,-211.41949894712724
10359.0,49.762491809493056
10360.0,76.11104020758437
10361.0,-29.196254490440754
10362.0,33.04895852873746
10363.0,364.56271216310006
10364.0,234.48280987315124
10365.0,-21.79655485909003
10366.0,-476.9378770477999
10367.0,43.56765899304689
10368.0,-310.9572136651692
10369.0,-46.94111622603712
10370.0,181.19558107133545
10371.0,-214.9624298200718
10372.0,-80.22706031522128
10373.0,841.2082291657365
10374.0,102.35678708587005
10375.0,37.29773804688169
10376.0,77.39818275960211
10377.0,435.79452149369206
10378.0,111.3947926515571
10379.0,-128.82922415387503
10380.0,573.0501210583959
10381.0,48.602468077911126
10382.0,-68.55414659218854
10383.0,56.68162450583024
10384.0,-360.3099319994402
10385.0,131.90192283450412
10386.0,-264.5258976334306
10387.0,-378.79324972499256
10388.0,-190.09929259976624
10389.0,862.9152130409615
10390.0,159.5764966623107
10391.0,514.0204635801455
10392.0,61.387667803406956
10393.0,720.8758958326578
10394.0,-450.97673103980213
10395.0,105.89444211999725
10396.0,-27.53260304400289
10397.0,-23.435561966770035
10398.0,331.20599829494574
10399.0,-156.024563948241
10400.0,0.9477018385603259
10401.0,17.232405165319676
10402.0,143.23908417021232
10403.0,53.22645139074672
10404.0,41.01334926979437
10405.0,-129.39255146834734
10406.0,430.9165210459302
10407.0,-427.90961965735704
10408.0,49.114004852091696
10409.0,-221.64758038918734
10410.0,-313.7597121868504
10411.0,115.24452244706981
10412.0,96.1009720445355
10413.0,-399.91598494242083
10414.0,-8.411407923562962
10415.0,733.1841324374682
10416.0,-332.42676649165094
10417.0,83.67612042194328
10418.0,339.7927486554425
10419.0,-35.115701314514276
10420.0,38.204335433877915
10421.0,-606.198489055931
10422.0,194.27285338946177
10423.0,155.0315511615824
10424.0,-111.2564778734838
10425.0,-63.33937163651608
10426.0,403.9358187289639
10427.0,690.9194303358597
10428.0,75.78129943644993
10429.0,-340.31540652357603
10430.0,-195.76159542697832
10431.0,40.44513870875572
10432.0,-137.65418796029277
10433.0,-95.67479658954475
10434.0,290.84353787250274
10435.0,568.4646813472785
10436.0,351.2186507540743
10437.0,194.71516658168267
10438.0,-312.1508420871936
10439.0,-518.3107868724477
10440.0,-80.75158048061289
10441.0,-109.91053830578457
10442.0,491.4108364751961
10443.0,371.48514486049385
10444.0,343.8566446684352
10445.0,114.6078539736844
10446.0,-315.2044219098824
10447.0,83.10396509307073
10448.0,-82.59915101774064
10449.0,-182.21902722527562
10450.0,-294.91729245130466
10451.0,-294.21055531486957
10452.0,611.5470417356519
10453.0,-34.756134103592515
10454.0,-115.04157690057764
10455.0,263.27933790237546
10456.0,346.05651209283803
10457.0,194.61161526910996
10458.0,257.3561496384942
10459.0,-303.20809492711504
10460.0,-173.19591085705972
10461.0,-88.53983448578467
10462.0,137.6016120001119
10463.0,337.048649278065
10464.0,155.72523460362683
10465.0,-250.29079290523796
10466.0,148.06340015143533
10467.0,333.6821886093782
10468.0,-260.3363923834255
10469.0,340.3079092279143
10470.0,224.6853557126953
10471.0,-607.2797170619309
10472.0,-54.85959294091863
10473.0,-685.091081725843
10474.0,268.25827077859424
10475.0,108.79743563388429
10476.0,-233.16761717272067
10477.0,115.89088157850203
10478.0,75.28875461498474
10479.0,312.58695394034214
10480.0,78.42590704679496
10481.0,-509.6307964395822
10482.0,142.15294578474632
10483.0,-567.6096744598838
10484.0,99.19784411013092
10485.0,181.76569364680964
10486.0,-27.407098394358307
10487.0,-646.8210508159747
10488.0,-261.63281625029924
10489.0,-398.87688919781584
10490.0,-259.41075205618296
10491.0,-252.0574035679909
10492.0,-25.647967227331538
10493.0,-479.357949423142
10494.0,109.91068619021902
10495.0,161.94257969113977
10496.0,-436.80717423975494
10497.0,-66.01220442256752
10498.0,-73.60538265407189
10499.0,51.00273944619387
10500.0,7.609681032163553
10501.0,-38.39048673108282
10502.0,493.5959706069283
10503.0,-303.4490805444866
10504.0,285.363058760686
10505.0,236.9308212194622
10506.0,-112.9028873820915
10507.0,-104.916397054047
10508.0,70.11071172015197
10509.0,-334.4021807746179
10510.0,-526.1520613513317
10511.0,26.695126681540366
10512.0,16.625076878906793
10513.0,-282.62391868623934
10514.0,-156.76438922324823
10515.0,-368.7038524010559
10516.0,87.26698388397382
10517.0,9.621961449394291
10518.0,159.33855433394973
10519.0,737.8354361900722
10520.0,-63.52561489683787
10521.0,253.39234540406818
10522.0,-195.479262260479
10523.0,-233.60406275700598
10524.0,672.0430027603301
10525.0,161.02647811634012
10526.0,-86.92388588378196
10527.0,767.4499376317863
10528.0,300.14345470154257
10529.0,-264.63326212053045
10530.0,506.8069224983668
10531.0,413.7325757860616
10532.0,-227.95565420458584
10533.0,270.72182191824794
10534.0,166.272145388432
10535.0,467.8359469952992
10536.0,691.0141927413325
10537.0,-235.19550162577534
10538.0,-204.49475633783695
10539.0,235.5654990256697
10540.0,481.5082289895014
10541.0,-404.2863716261733
10542.0,499.6345988790219
10543.0,-280.4236242835598
10544.0,349.6353570127749
10545.0,56.27921855932694
10546.0,377.7838241995529
10547.0,58.23929412508228
10548.0,424.2998121746483
10549.0,85.80041244154711
10550.0,-252.99288852458955
10551.0,172.8678449550204
10552.0,-190.1066002057143
10553.0,306.96428652366865
10554.0,-179.11766493342256
10555.0,-155.7759049400491
10556.0,-208.75257057910835
10557.0,-257.42597802041774
10558.0,-187.88708045784355
10559.0,178.95968589803064
10560.0,769.2994246067658
10561.0,131.4540049564619
10562.0,-86.3360584772552
10563.0,-440.78969412879786
10564.0,522.2063378416922
10565.0,74.2604453705895
10566.0,-273.3451908082478
10567.0,23.885483202722163
10568.0,-140.88619011673777
10569.0,337.4418933254648
10570.0,63.42512024403097
10571.0,-78.1210436056396
10572.0,-209.4159615061065
10573.0,-354.3022169957902
10574.0,261.5495894072729
10575.0,252.7847530350221
10576.0,415.33279349639827
10577.0,-341.41062177496303
10578.0,-101.54306561728922
10579.0,-82.98003734434668
10580.0,-146.19185945083
10581.0,-400.9570095088503
10582.0,114.68810161530735
10583.0,-318.40944917284065
10584.0,-27.128651113150205
10585.0,253.39206355032297
10586.0,-15.161597235909927
10587.0,490.2763101566972
10588.0,67.16055415516045
10589.0,-583.6536301606633
10590.0,566.8292227808818
10591.0,-659.7840206113418
10592.0,-280.3445865766315
10593.0,-618.4849576034642
10594.0,-403.08152177208234
10595.0,52.580795867776395
10596.0,154.13724781790555
10597.0,-187.18724588646154
10598.0,45.06432286401865
10599.0,389.8698024589756
10600.0,497.4944277009734
10601.0,-172.60466145696964
10602.0,-199.4880483069116
10603.0,146.33213540458775
10604.0,-745.931421182365
10605.0,-230.93578234679626
10606.0,-157.73768823510508
10607.0,170.55585672160765
10608.0,58.52819579127392
10609.0,21.77823537708314
10610.0,-33.84543238859552
10611.0,527.0115321450174
10612.0,370.35979324782073
10613.0,-83.70884929336648
10614.0,-297.8667818275179
10615.0,379.6300416409048
10616.0,-194.49981867886453
10617.0,-59.08115423924117
10618.0,-59.05074145608613
10619.0,-265.79533104064166
10620.0,-488.32421484496336
10621.0,-28.133316815096965
10622.0,-110.89724251663888
10623.0,642.519819874314
10624.0,-25.104958245575027
10625.0,368.2746547201454
10626.0,274.7992135270419
10627.0,416.52612933638494
10628.0,110.57324867984305
10629.0,561.3783520521667
10630.0,497.14376211577655
10631.0,-201.60987734450924
10632.0,-370.05229826158836
10633.0,731.0573724235983
10634.0,-380.1370791551691
10635.0,-200.6025155052088
10636.0,272.08601189375497
10637.0,269.840589910763
10638.0,-243.56399508534605
10639.0,-80.64209434586868
10640.0,-467.9770128985555
10641.0,384.10330917171257
10642.0,-158.51464076438273
10643.0,-321.1429089790809
10644.0,-72.30709812158337
10645.0,244.896501048631
10646.0,-111.76687989927593
10647.0,-71.30354161628634
10648.0,-97.1490053451391
10649.0,387.9928529444623
10650.0,134.07976082545443
10651.0,-372.72453971834426
10652.0,-153.8973489141062
10653.0,376.0557246783066
10654.0,-45.06699972728186
10655.0,29.111024201616704
10656.0,-164.38841371392454
10657.0,291.3802875570239
10658.0,-389.64290898924577
10659.0,-145.45381366072814
10660.0,276.50614199272434
10661.0,-134.09381091718924
10662.0,82.94811155481175
10663.0,143.7733706105275
10664.0,230.8537782304085
10665.0,649.898046991348
10666.0,188.10011410399218
10667.0,170.77221614376168
10668.0,-533.8474844790483
10669.0,-516.1349688253702
10670.0,-356.7869746721655
10671.0,480.9037432056481
10672.0,-54.53599296167524
10673.0,-272.6605720403807
10674.0,-89.16369341976736
10675.0,-97.40004082495982
10676.0,-264.2980377506263
10677.0,-558.8516759610408
10678.0,-18.223173989822453
10679.0,238.68337858797946
10680.0,-107.4968268789765
10681.0,-439.7371496922739
10682.0,-366.08737762044984
10683.0,540.4744022919011
10684.0,-335.9192295399886
10685.0,128.9848136466244
10686.0,-360.4650592778836
10687.0,-211.01458656820006
10688.0,115.70383605399684
10689.0,-723.6333562247721
10690.0,380.89392210560874
10691.0,24.300969805755592
10692.0,-145.38761452740982
10693.0,-157.28295617853883
10694.0,134.1033600367294
10695.0,215.9571007711615
10696.0,-310.20616373438935
10697.0,18.018883693842728
10698.0,-287.1696947296591
10699.0,-244.82888943623874
10700.0,-126.15190632103031
10701.0,-276.851033697201
10702.0,-63.902823195383895
10703.0,-268.2907419843653
10704.0,80.99060618707654
10705.0,135.4919764914789
10706.0,265.86171737073533
10707.0,290.1533893185744
10708.0,72.85750706987581
10709.0,-88.64501838284374
10710.0,-562.5238017086104
10711.0,-257.9685916645923
10712.0,-88.32818773227652
10713.0,-608.9048913545778
10714.0,16.648129846867107
10715.0,-117.99664144508861
10716.0,244.48813585825116
10717.0,60.96132064652677
10718.0,640.850472611427
10719.0,15.073592658662443
10720.0,135.00644430477297
10721.0,39.52337453323228
10722.0,86.44560574134232
10723.0,20.337654615455563
10724.0,217.44242023198075
10725.0,-8.574845990247535
10726.0,172.39758731739886
10727.0,-326.00374877328966
10728.0,347.58134072403806
10729.0,128.95803909114525
10730.0,-379.7500886129536
10731.0,-134.70695705662493
10732.0,153.5688851434243
10733.0,-72.12278608897067
10734.0,183.3084883057267
10735.0,-456.53877619137864
10736.0,152.2753016259966
10737.0,-20.658280599070782
10738.0,245.6223283546582
10739.0,776.4009728233561
10740.0,-320.14345296022435
10741.0,-479.31970828477813
10742.0,-69.75434860290844
10743.0,-372.0104531960517
10744.0,397.28224738180853
10745.0,94.97293025154043
10746.0,-545.8700939849767
10747.0,92.7173308480333
10748.0,456.623246798697
10749.0,140.33519629203957
10750.0,-542.6167845034421
10751.0,33.256178473055435
10752.0,237.5455531193662
10753.0,-260.5147806037738
10754.0,-227.74117804894541
10755.0,-18.374207944644105
10756.0,357.2320793577897
10757.0,234.16866322379505
10758.0,309.0494908647157
10759.0,109.41620907267836
10760.0,297.0462771953383
10761.0,431.282718689773
10762.0,-285.90275415168367
10763.0,-461.123185060563
10764.0,458.8411685202926
10765.0,-35.132478657934186
10766.0,-138.9667786727799
10767.0,435.8781113541387
10768.0,-327.55173248124316
10769.0,-16.175842225601105
10770.0,32.687383150971826
10771.0,-143.11036093613365
10772.0,-82.91163796819328
10773.0,-26.395849579088132
10774.0,-295.9065424837689
10775.0,-300.9445513092775
10776.0,-157.03746176056399
10777.0,-444.10542517056757
10778.0,55.54295923374434
10779.0,136.09573343373827
10780.0,-59.93423441413813
10781.0,774.7869393558548
10782.0,-291.82146940254216
10783.0,449.6545133580521
10784.0,-231.20082491305283
10785.0,88.18058840405119
10786.0,511.6823816159443
10787.0,27.69891399185393
10788.0,69.71900343078529
10789.0,-684.0304286748194
10790.0,-181.1657541891078
10791.0,-592.2856835316268
10792.0,-326.3723044913684
10793.0,527.5739554313375
10794.0,-175.98223228892508
10795.0,555.3273243262497
10796.0,-40.06219256947661
10797.0,-242.90961184425663
10798.0,466.4750098322088
10799.0,209.72657821779885
10800.0,112.4739902863377
10801.0,655.9597092112729
10802.0,-253.6728820136544
10803.0,-143.14006436902676
10804.0,261.90903344912556
10805.0,-51.43052462098912
10806.0,-646.5343714931216
10807.0,-114.11730645512903
10808.0,126.14931118008022
10809.0,204.59346285899497
10810.0,-300.39361365831354
10811.0,-415.68674588953974
10812.0,6.449152884280989
10813.0,72.80107777482871
10814.0,160.6608720814523
10815.0,249.311689291817
10816.0,-248.28534524656297
10817.0,7.830629922612616
10818.0,-466.3838270166583
10819.0,290.1514440446015
10820.0,-309.03320656333983
10821.0,528.6916611956265
10822.0,372.4938479322542
10823.0,-328.0862663096855
10824.0,-94.65873407725155
10825.0,55.5691941404573
10826.0,67.34382419031684
10827.0,-533.668381249131
10828.0,-128.1086335034484
10829.0,-542.9948584464189
10830.0,54.63463967258101
10831.0,182.6604348326792
10832.0,-41.29948573089108
10833.0,652.8127633917359
10834.0,-336.9657807378885
10835.0,99.96282019773795
10836.0,811.7900163367078
10837.0,-346.2521160653002
10838.0,103.69087960098379
10839.0,487.7360812633325
10840.0,120.89569101399145
10841.0,-324.3296740543696
10842.0,-136.41212971214856
10843.0,-41.92443003097701
10844.0,282.7029865802339
10845.0,345.620328970205
10846.0,124.69798534752348
10847.0,-206.11335283373393
10848.0,155.93998583214054
10849.0,-443.76722994338553
10850.0,-273.3430034005962
10851.0,195.95033081854578
10852.0,-30.690040851399807
10853.0,86.56778659815453
10854.0,-312.21136188949623
10855.0,41.005246961457786
10856.0,307.67518019994793
10857.0,532.9059494214049
10858.0,260.1616805633804
10859.0,362.0055075337368
10860.0,101.32898120196835
10861.0,38.4412961398941
10862.0,20.267674753903044
10863.0,117.44024988074634
10864.0,573.6911827078559
10865.0,-507.5920585145006
10866.0,-211.76962671045652
10867.0,-78.39989740428156
10868.0,-319.57376765957343
10869.0,-267.44656441833456
10870.0,-780.8570319676237
10871.0,50.22998055644373
10872.0,-298.5490108171672
10873.0,23.392386523116738
10874.0,-76.2905974101472
10875.0,-257.5974704642546
10876.0,171.56436509796544
10877.0,-121.6007831624898
10878.0,-451.3737768554306
10879.0,81.1353388426825
10880.0,-212.55249317142597
10881.0,-3.5349272290956035
10882.0,-408.2554810001849
10883.0,-158.65133194465793
10884.0,238.39834201613084
10885.0,-133.03572327369656
10886.0,-266.0840826060641
10887.0,247.74270438194762
10888.0,347.96654428323706
10889.0,-511.31524281086683
10890.0,21.81587121501954
10891.0,-163.84140964229104
10892.0,-472.5608363970476
10893.0,-365.00826715123475
10894.0,272.4371379322401
10895.0,92.37376374891626
10896.0,491.80814568465166
10897.0,-200.03605813580845
10898.0,144.31490824987478
10899.0,-554.3580524199995
10900.0,-449.3575578941576
10901.0,565.0154801799599
10902.0,446.31875807462166
10903.0,309.6973881874127
10904.0,282.92794140775015
10905.0,176.197628189968
10906.0,-315.1418517603812
10907.0,612.3377931152968
10908.0,274.2522312477312
10909.0,-19.436173058565146
10910.0,404.6254477705246
10911.0,47.266481426985386
10912.0,101.89624080960493
10913.0,98.14809562777884
10914.0,-231.35258244372304
10915.0,136.3361231916424
10916.0,-150.31005926794955
10917.0,461.199549978788
10918.0,145.6901588842731
10919.0,-405.8237418755581
10920.0,-405.5525658750961
10921.0,213.67394365056143
10922.0,-204.80364027314408
10923.0,-118.57063791050851
10924.0,675.2302648290724
10925.0,145.1619878685346
10926.0,489.6870020199625
10927.0,-173.76557459369354
10928.0,89.69168465283678
10929.0,239.01179154230994
10930.0,-68.18000068660093
10931.0,93.66677561513256
10932.0,-196.55301722008704
10933.0,-711.753444720093
10934.0,-104.15023991148978
10935.0,55.73003950122944
10936.0,74.24035058478634
10937.0,625.7495908769046
10938.0,234.98688486875463
10939.0,221.5929479387568
10940.0,61.931591756794816
10941.0,239.73644833443618
10942.0,-21.33808181831828
10943.0,180.16473629709213
10944.0,14.91862799549782
10945.0,-374.8656883482516
10946.0,-397.5149288584031
10947.0,114.6669084321614
10948.0,-269.6162287989431
10949.0,0.13921221449168114
10950.0,-34.59484676069373
10951.0,72.73402122668146
10952.0,-188.80556313903838
10953.0,-365.53367192345365
10954.0,-67.595522554268
10955.0,19.50117013917884
10956.0,212.78259013823345
10957.0,170.72284688263193
10958.0,48.75605588201854
10959.0,-239.4465227916465
10960.0,409.7382051551801
10961.0,399.86800565030916
10962.0,18.693100459976396
10963.0,165.7669719598435
10964.0,-124.3894534967105
10965.0,54.99452321278652
10966.0,640.4320745648683
10967.0,7.578792735554396
10968.0,-265.0476304100112
10969.0,1.6927330910936405
10970.0,18.517133621267636
10971.0,-248.85163930169307
10972.0,106.86193154650803
10973.0,251.63914312090955
10974.0,133.8377395364068
10975.0,-358.2669613769306
10976.0,426.26144731764055
10977.0,71.9784224697405
10978.0,-322.0875596252205
10979.0,438.84026750159376
10980.0,-40.1321144913418
10981.0,283.8035686529259
10982.0,-487.9061953325845
10983.0,-86.93302825214798
10984.0,-470.8501510916907
10985.0,73.1464827731519
10986.0,-688.3900989407998
10987.0,392.478567566041
10988.0,-328.6310374955384
10989.0,149.39160063469257
10990.0,321.79311476060565
10991.0,584.3930870450633
10992.0,206.75729570024905
10993.0,36.548225997008046
10994.0,-37.778285211188305
10995.0,-551.0517094651366
10996.0,-107.85120387757001
10997.0,-176.80602795353045
10998.0,-356.88949117318253
10999.0,418.4145841124784
11000.0,-26.13349601698146
11001.0,-213.909513628031
11002.0,246.57978881987697
11003.0,-32.011024949712215
11004.0,-126.73258849582662
11005.0,26.914491557619318
11006.0,198.92197376295206
11007.0,-18.84355441470724
11008.0,-119.5148460764236
11009.0,-389.9037605310737
11010.0,-149.50928607147867
11011.0,-308.96203021469444
11012.0,-478.7771604137526
11013.0,-616.7291412522796
11014.0,-25.890829611384625
11015.0,-133.17659031686387
11016.0,-633.058725229321
11017.0,-32.26329474560756
11018.0,28.795819581694627
11019.0,-290.00132364066025
11020.0,-168.02496539200092
11021.0,-173.8410200197397
11022.0,107.27955415166302
11023.0,278.3287852070004
11024.0,164.73665181591323
11025.0,596.7860199506165
11026.0,737.7802177171227
11027.0,-57.04439870388762
11028.0,-20.381913027885354
11029.0,193.11140830024652
11030.0,150.95242220368192
11031.0,-340.8779258558667
11032.0,207.5565702465376
11033.0,-27.67472612589254
11034.0,-146.95165736571207
11035.0,-121.88066829612683
11036.0,144.47950532989012
11037.0,333.20953167889706
11038.0,-452.5131209680453
11039.0,-208.5368467442234
11040.0,265.84494752360933
11041.0,-86.19645950050065
11042.0,-456.01061792236305
11043.0,-377.7300472014275
11044.0,277.5566889704531
11045.0,-98.28816556864345
11046.0,-258.6774182328505
11047.0,508.51302164659074
11048.0,-27.82946676741515
11049.0,-397.8382252241875
11050.0,27.294231548041886
11051.0,55.46090696291318
11052.0,86.5244396150268
11053.0,-417.7182670641675
11054.0,265.0746921743701
11055.0,126.49537980057353
11056.0,-731.2337998933427
11057.0,26.768529070431658
11058.0,15.172424965474017
11059.0,603.1491770539611
11060.0,-68.51036908576096
11061.0,-630.1588497389254
11062.0,391.4398950451703
11063.0,191.26739771271264
11064.0,-82.79915889804556
11065.0,874.2798355716817
11066.0,130.10220965607908
11067.0,24.82525762983905
11068.0,10.015684555530289
11069.0,407.5535519509845
11070.0,184.93372244983664
11071.0,699.4013403550848
11072.0,12.874182171249624
11073.0,-569.7950312054747
11074.0,-60.61826753027135
11075.0,-96.58944292586042
11076.0,19.660708357384465
11077.0,30.225969050066134
11078.0,-107.06858214835674
11079.0,-23.4481530233085
11080.0,-16.563489755112357
11081.0,18.767317998588
11082.0,145.95038182220657
11083.0,-428.10275660092145
11084.0,-158.17477611037188
11085.0,-44.37808089678824
11086.0,-411.2997705448303
11087.0,218.4210180820249
11088.0,141.2453078447525
11089.0,316.634755970591
11090.0,93.68023982535513
11091.0,154.1640540256554
11092.0,-132.9202502359105
11093.0,-293.8735713953071
11094.0,485.30634558787517
11095.0,-271.2294815068548
11096.0,373.38314717843343
11097.0,-359.6695987563282
11098.0,-459.99230445069526
11099.0,209.05369852328195
11100.0,46.74008351487731
11101.0,-767.8965435991787
11102.0,-153.969466825706
11103.0,-66.68289246156807
11104.0,-15.944035080887227
11105.0,16.07598434500005
11106.0,157.03893670157353
11107.0,585.6578635592913
11108.0,-259.638105979392
11109.0,264.48646669308584
11110.0,171.5586506995273
11111.0,182.06572554508517
11112.0,-336.8833733608922
11113.0,-403.238538703152
11114.0,114.57772510795473
11115.0,161.83644349638976
11116.0,-628.0447010001054
11117.0,242.0117530553879
11118.0,362.8630361176535
11119.0,60.7137064042445
11120.0,-359.311231213259
11121.0,-379.08187950572676
11122.0,237.8377849497887
11123.0,-293.4175091399246
11124.0,-397.45137920298146
11125.0,159.5888560513253
11126.0,365.03747521359537
11127.0,-720.6128464897358
11128.0,500.1648657714839
11129.0,-11.265810006162928
11130.0,-69.35501502523809
11131.0,250.8656215596781
11132.0,-169.3067854080244
11133.0,120.43720692692655
11134.0,-39.9531578253932
11135.0,-520.8790659997443
11136.0,-631.1061053453728
11137.0,-189.45128724586735
11138.0,73.57078736644341
11139.0,39.63813193628239
11140.0,-459.8374387751048
11141.0,4.02907172349619
11142.0,-197.44889965681634
11143.0,62.389742569147
11144.0,-186.44535236927177
11145.0,-133.60822019560177
11146.0,305.0229789528642
11147.0,-46.02246759214795
11148.0,-42.28147598500728
11149.0,-174.61342313978224
11150.0,-221.8174242781658
11151.0,-177.5825537147668
11152.0,-1.6457791602113843
11153.0,92.19561472892799
11154.0,380.6366433481241
11155.0,5.17628553350778
11156.0,-43.26413786035964
11157.0,138.5690976831326
11158.0,-644.2373399718055
11159.0,-264.05264854098095
11160.0,388.0771113359532
11161.0,-314.5755039675321
11162.0,68.5957788536986
11163.0,313.90250595867053
11164.0,-174.13638000550029
11165.0,75.24506091716722
11166.0,-48.30049653479034
11167.0,366.32813493054226
11168.0,-300.9531752245196
11169.0,52.29547497280696
11170.0,199.76450852884653
11171.0,-291.4521388811776
11172.0,-221.25525714195152
11173.0,-347.63373665011414
11174.0,-203.16973722566013
11175.0,-377.9229754446045
11176.0,-39.059901238720485
11177.0,-27.657708986923126
11178.0,-4.840069011082778
11179.0,387.69317018167
11180.0,173.07521100861499
11181.0,932.2704016789723
11182.0,-79.7594893496655
11183.0,140.83197737225038
11184.0,39.6840298581275
11185.0,443.524208044313
11186.0,342.3599487202389
11187.0,-137.8579525840634
11188.0,596.3305304911726
11189.0,207.64692642350718
11190.0,-628.7444696897269
11191.0,498.51770649884395
11192.0,-157.93924874004864
11193.0,351.1078397657422
11194.0,21.711333535600264
11195.0,-147.85882005549357
11196.0,204.57246274928082
11197.0,29.47461824941272
11198.0,121.43392964124423
11199.0,-565.6199353865665
11200.0,-229.6105869585278
11201.0,-46.80447710874095
11202.0,686.9993413504822
11203.0,-439.37600813835616
11204.0,-564.306780926228
11205.0,-449.4452387206121
11206.0,-187.01337557795355
11207.0,63.714470752307264
11208.0,226.53217961128954
11209.0,-238.26195886607462
11210.0,8.031752667967158
11211.0,-360.6886941851466
11212.0,-123.99311613868585
11213.0,-388.8646194630039
11214.0,21.025862631446397
11215.0,-301.5018712563038
11216.0,215.8774083128968
11217.0,403.51021004980015
11218.0,435.697603356927
11219.0,-107.10092088372201
11220.0,186.04692078373674
11221.0,347.5694847398063
11222.0,258.8139591153046
11223.0,-431.3756614817934
11224.0,-169.35938198101988
11225.0,106.38668004303959
11226.0,11.406343347779705
11227.0,362.59620402956443
11228.0,-602.2073540911477
11229.0,707.5559184457945
11230.0,202.1749187820549
11231.0,-50.33711976765706
11232.0,-170.32942345324918
11233.0,-33.31137090394973
11234.0,194.42983492011567
11235.0,-358.5893509674072
11236.0,-212.2653532691774
11237.0,-291.42110382226343
11238.0,295.5576189497116
11239.0,-278.97338727308403
11240.0,23.653653300109728
11241.0,-64.46361090683959
11242.0,-550.5130672413402
11243.0,541.3432697524756
11244.0,95.06333041130968
11245.0,14.598207374632722
11246.0,108.60883519127049
11247.0,-390.97470911424296
11248.0,358.66641966090106
11249.0,-656.7373713546333
11250.0,39.621704040650016
11251.0,-112.10781397641765
11252.0,-3.9966181836035957
11253.0,-399.3487785294677
11254.0,-189.94215830266768
11255.0,25.70500325461834
11256.0,-514.3423090508954
11257.0,42.903388996472856
11258.0,-18.932652421566853
11259.0,-109.32309649965728
11260.0,-32.899091713946724
11261.0,-543.8120026538538
11262.0,402.3710870309702
11263.0,36.24431537942767
11264.0,228.3040758000941
11265.0,346.38302227713746
11266.0,-401.22270699068497
11267.0,54.05719773136504
11268.0,6.862233348084419
11269.0,-3.8120805658921197
11270.0,-445.4514919738881
11271.0,162.08751874326907
11272.0,176.36752501387105
11273.0,-516.9719819284376
11274.0,189.99316009349027
11275.0,-164.45712796519334
11276.0,174.20994712832794
11277.0,-510.0297763148843
11278.0,174.78488510987125
11279.0,-352.74632432728384
11280.0,-145.4609770896167
11281.0,456.9718611706613
11282.0,-463.5148906726279
11283.0,-363.5842764043933
11284.0,-157.848082284904
11285.0,-195.36060962026158
11286.0,152.0406877568565
11287.0,-197.09226766881767
11288.0,36.480965368719815
11289.0,993.2248779784693
11290.0,-387.02879318681534
11291.0,-6.616510882803152
11292.0,-272.0688608858406
11293.0,-138.5995455101104
11294.0,-105.03944861259986
11295.0,-21.529524404723453
11296.0,91.0571991502296
11297.0,-65.79119714947232
11298.0,164.47287710093707
11299.0,-17.99782702746495
11300.0,783.8866597139142
11301.0,-339.23112472431296
11302.0,-196.48456361783568
11303.0,357.21849540968225
11304.0,186.31062521156954
11305.0,138.09410368403138
11306.0,-11.632461477738389
11307.0,175.80916373420376
11308.0,-224.61734983236252
11309.0,68.85579641186726
11310.0,201.21113139003936
11311.0,257.87114287716287
11312.0,-432.8705595172986
11313.0,-893.999800818439
11314.0,671.8650784658582
11315.0,-143.37264919121822
11316.0,622.2386586662822
11317.0,179.38442629047273
11318.0,553.7744088919058
11319.0,133.39922116403812
11320.0,-278.763441831666
11321.0,-316.6280409529844
11322.0,503.4156628826669
11323.0,282.6871359966573
11324.0,-192.34979075415222
11325.0,-266.5062159351736
11326.0,28.442092691971606
11327.0,-502.8106644889343
11328.0,-284.89716781773984
11329.0,334.325396102704
11330.0,131.85559421631305
11331.0,-163.06900527506647
11332.0,207.69781044505353
11333.0,84.53775535541737
11334.0,26.259629066102868
11335.0,-255.92213730636703
11336.0,51.28290274248211
11337.0,-102.04962146231131
11338.0,160.43430410628707
11339.0,285.3933559563085
11340.0,-58.84096452168169
11341.0,103.1053491066587
11342.0,-294.3112930187338
11343.0,376.90749077827627
11344.0,69.80186693396915
11345.0,866.0001885226104
11346.0,-39.37289658053948
11347.0,64.61420289331798
11348.0,-169.6560341690669
11349.0,-545.1873976319999
11350.0,-61.769636847537264
11351.0,-497.3202845338075
11352.0,462.2911105292883
11353.0,-153.2691425095556
11354.0,-206.00694145910256
11355.0,-139.67967903899927
11356.0,-86.31603500008359
11357.0,589.4439429065601
11358.0,213.39162365467146
11359.0,160.8426920524976
11360.0,189.1431187909544
11361.0,-353.62333168120347
11362.0,-195.46146888135144
11363.0,-130.97048784757058
11364.0,-411.8978482107086
11365.0,339.5361109610375
11366.0,278.7080285787564
11367.0,262.53933089099786
11368.0,-182.3152473785592
11369.0,312.5925398843066
11370.0,292.50696602849206
11371.0,-191.39812913021464
11372.0,97.19896589042821
11373.0,-323.0624519693488
11374.0,-641.633523683092
11375.0,34.404317785941394
11376.0,332.6146395449396
11377.0,374.39429080114513
11378.0,79.74057443698243
11379.0,-175.66454148011704
11380.0,161.84977999054536
11381.0,247.70962726908002
11382.0,90.73858219235959
11383.0,406.9195427827266
11384.0,-128.29338404491503
11385.0,131.27330755535488
11386.0,729.3094416276251
11387.0,721.9516507762635
11388.0,-177.94000063372462
11389.0,709.5229020169678
11390.0,68.44182794627635
11391.0,-488.0481067137033
11392.0,152.7459391461768
11393.0,-239.25028478333428
11394.0,-147.28095714479554
11395.0,-45.20831857564562
11396.0,-222.12449344542705
11397.0,-332.615283881918
11398.0,-119.3673758230041
11399.0,411.59761537416614
11400.0,165.38288375399028
11401.0,488.2754656867202
11402.0,224.14489930098821
11403.0,57.12319327873909
11404.0,264.6650201978731
11405.0,-126.7509829447084
11406.0,-376.2060205940094
11407.0,48.791373917784554
11408.0,420.1980640051417
11409.0,-415.55963971310877
11410.0,-45.07267871498911
11411.0,-169.48557453543222
11412.0,744.9633226613821
11413.0,-534.1845713199484
11414.0,-151.03112809100895
11415.0,577.9358654693668
11416.0,46.726387390608274
11417.0,311.55408180562233
11418.0,357.3063765881051
11419.0,265.41273843984095
11420.0,-253.59736902535116
11421.0,-473.88134405003075
11422.0,12.688444605877498
11423.0,-132.56426690048806
11424.0,72.47381920347593
11425.0,217.4358052292228
11426.0,-335.7785201122076
11427.0,-262.2046244768537
11428.0,95.51698320910211
11429.0,-209.1819202453599
11430.0,456.635673492343
11431.0,308.4305601974662
11432.0,-28.853731125681588
11433.0,-358.51784715108107
11434.0,128.31172677442635
11435.0,145.6247243814604
11436.0,95.66700803418519
11437.0,268.2835409130816
11438.0,-466.924416246464
11439.0,-314.32094969127127
11440.0,344.74066488627767
11441.0,220.70755813671136
11442.0,-578.4755239012406
11443.0,174.80907811479435
11444.0,399.94148396073285
11445.0,732.6720966332521
11446.0,667.3027303329162
11447.0,-63.096512982721016
11448.0,245.90652202892224
11449.0,21.73019301948842
11450.0,-248.65264042472663
11451.0,-197.04075505173998
11452.0,-282.0464722650835
11453.0,-81.15238925755435
11454.0,52.36536160378662
11455.0,-2.2571267781349436
11456.0,-758.8756116063782
11457.0,213.49145912249045
11458.0,-169.2714782639768
11459.0,184.72028865201239
11460.0,256.5643049747523
11461.0,-63.24889777651951
11462.0,-272.7178718373251
11463.0,135.79446347148934
11464.0,455.7807433953054
11465.0,-129.35637652171903
11466.0,62.8733703922198
11467.0,-386.8529378948045
11468.0,267.22765883611055
11469.0,287.2411869226277
11470.0,-52.09972865258442
11471.0,76.40695664839149
11472.0,-138.16215089738103
11473.0,203.556148642305
11474.0,15.488711020266077
11475.0,-5.968082516968616
11476.0,-31.64414259096884
11477.0,221.56630230692636
11478.0,-687.0023182063172
11479.0,483.7842231435403
11480.0,958.022379088073
11481.0,191.5960609293114
11482.0,-58.58970557453516
11483.0,259.46230620404344
11484.0,-6.316757561911578
11485.0,-270.2884690000888
11486.0,-772.4642296251158
11487.0,-146.4633192619986
11488.0,-37.78146099301624
11489.0,331.55195758224977
11490.0,570.474574111781
11491.0,-182.59989627575152
11492.0,-356.0940866069386
11493.0,84.14295121036426
11494.0,-115.72664179916521
11495.0,431.8983819954102
11496.0,-39.02760836085493
11497.0,28.16338306294848
11498.0,-54.06385343329291
11499.0,-259.9655378401634
11500.0,157.69687820480794
11501.0,-451.5735361809531
11502.0,482.5565048687757
11503.0,242.5569452091
11504.0,-588.1137438098019
11505.0,81.01709689599372
11506.0,325.40673944403045
11507.0,-22.052235150655843
11508.0,-296.278504197331
11509.0,299.0519135861392
11510.0,468.2699312239479
11511.0,-99.60746951487833
11512.0,5.278085447166694
11513.0,-101.94715017070855
11514.0,172.81543496339017
11515.0,-676.7207529529063
11516.0,-85.33458519818765
11517.0,117.54369571648189
11518.0,-83.62878738830572
11519.0,179.7556277016342
11520.0,-83.35296347452768
11521.0,-21.419178952216747
11522.0,292.1247462432763
11523.0,-100.16396087765199
11524.0,-295.44507824255624
11525.0,-196.19961546096326
11526.0,-90.40349798566068
11527.0,-58.11412409491396
11528.0,-400.37934469764457
11529.0,236.32717532971455
11530.0,-312.00489053945034
11531.0,448.89904737276464
11532.0,202.7355050769527
11533.0,94.92875456289612
11534.0,60.247307917510625
11535.0,-149.4366324908836
11536.0,406.78338146580245
11537.0,600.8120265364316
11538.0,-23.26355946076243
11539.0,-565.3127069056477
11540.0,156.44069172561166
11541.0,648.6215466239543
11542.0,405.7197964687427
11543.0,261.80583136930034
11544.0,22.356083935015313
11545.0,238.41247473228844
11546.0,164.5680237527016
11547.0,-83.34674114858214
11548.0,209.77491982449442
11549.0,-198.97437741530746
11550.0,-78.73473210337491
11551.0,27.73248810192471
11552.0,450.31679507490963
11553.0,-78.31520558005134
11554.0,-267.63890633380214
11555.0,348.3318744546581
11556.0,-404.4550391740678
11557.0,330.0959394936931
11558.0,-532.9705587435963
11559.0,530.1667228330987
11560.0,-741.0568046410542
11561.0,478.6495234473402
11562.0,164.63187921356078
11563.0,-449.7107531471186
11564.0,-412.11481107833924
11565.0,219.1277390751058
11566.0,-378.689309503005
11567.0,368.7333880545345
11568.0,37.33842695846865
11569.0,396.49349500405316
11570.0,-29.329794718535624
11571.0,35.475251839090824
11572.0,-267.291075556814
11573.0,-417.34657979130986
11574.0,-250.30106527663776
11575.0,-228.95720009218707
11576.0,692.2513473375059
11577.0,-411.1573720657528
11578.0,482.3211788824998
11579.0,109.40386922308694
11580.0,547.6205815138994
11581.0,179.8842650846924
11582.0,-521.5793101895122
11583.0,-0.5366722202063329
11584.0,-1.3108832742802634
11585.0,-248.0508314562961
11586.0,-243.06806182013142
11587.0,199.56730075170228
11588.0,381.3240432569337
11589.0,-393.1688038873972
11590.0,138.2324527613484
11591.0,34.24105569798811
11592.0,-4.6291546141179465
11593.0,-151.86193128195814
11594.0,335.5463722270898
11595.0,-93.1452980827055
11596.0,507.7532186638949
11597.0,-355.46562053382235
11598.0,143.08978438160887
11599.0,137.94688403626947
11600.0,-151.04600604389717
11601.0,-19.601773692468623
11602.0,105.84882713406175
11603.0,-172.785189981266
11604.0,482.1272637099981
11605.0,-267.5391741332551
11606.0,39.90555578613002
11607.0,-52.855796531074475
11608.0,-21.22244673120997
11609.0,155.37989346108438
11610.0,-96.06927783501628
11611.0,-163.17530409699708
11612.0,-180.3657397735511
11613.0,-264.67843452360023
11614.0,171.42795164643715
11615.0,-11.457713362942004
11616.0,239.99734190689665
11617.0,-39.84995383841625
11618.0,-211.74160655795694
11619.0,-354.16935617356523
11620.0,72.47946295208934
11621.0,306.8202044401937
11622.0,10.710238479162626
11623.0,-367.95164299727304
11624.0,280.99867828489926
11625.0,607.1342789952016
11626.0,226.07866695707025
11627.0,565.9296380146843
11628.0,-147.76747216989875
11629.0,-314.03756027490465
11630.0,-180.04553525208863
11631.0,51.27097737987199
11632.0,-118.81984221413413
11633.0,-258.26062194274743
11634.0,-229.83713020204345
11635.0,200.36475862315208
11636.0,-348.07141756401023
11637.0,-584.8608659725448
11638.0,-4.929876831026059
11639.0,-163.4422148166987
11640.0,87.0275192985695
11641.0,41.566635043453445
11642.0,-494.89046377701504
11643.0,-60.88771120297482
11644.0,-173.5513697197508
11645.0,181.26452118021197
11646.0,-51.32570908677046
11647.0,43.95099730518184
11648.0,-517.981813485879
11649.0,-355.5526669032854
11650.0,272.4021668773415
11651.0,490.63038344697253
11652.0,-37.23470686782171
11653.0,100.19178117715951
11654.0,32.26474311666982
11655.0,342.38399589459647
11656.0,-274.3839964056688
11657.0,-461.59948018183684
11658.0,399.11781881563155
11659.0,59.94166241926632
11660.0,-119.02693796298135
11661.0,-281.70905159749094
11662.0,-127.62868444831864
11663.0,-556.581910177825
11664.0,-79.37923441222006
11665.0,-84.28398755174996
11666.0,-212.8581543336195
11667.0,72.29858467981342
11668.0,-416.4589989203814
11669.0,-151.39277066781816
11670.0,-112.94325746656845
11671.0,-386.9976053679828
11672.0,553.3497133654166
11673.0,-80.93783458087137
11674.0,265.60516451201613
11675.0,498.064505041546
11676.0,447.8834076769252
11677.0,-162.95338863408998
11678.0,121.20351520652034
11679.0,106.0234284584315
11680.0,340.50635541497286
11681.0,4.314416762781523
11682.0,-92.647836691654
11683.0,-354.12957712883446
11684.0,214.00747653242524
11685.0,-345.6914287422607
11686.0,-271.80220862911614
11687.0,426.3090773781535
11688.0,-37.75750717052068
11689.0,-180.46345723783435
11690.0,-97.58231078807198
11691.0,347.8223132335262
11692.0,-237.0130908039774
11693.0,118.1231187011872
11694.0,681.4766679385011
11695.0,275.6633448909282
11696.0,185.16481639957323
11697.0,-13.159363367316047
11698.0,274.07224748719005
11699.0,178.76102965588356
11700.0,-178.98039516140628
11701.0,391.8425175864837
11702.0,-308.9499410969803
11703.0,-324.8362159483897
11704.0,262.0871357430684
11705.0,398.52106409404
11706.0,-368.2548804329609
11707.0,-181.18251143785042
11708.0,-166.41347208747476
11709.0,68.98755258725339
11710.0,-249.49012878431455
11711.0,443.6033748432901
11712.0,13.650459883850292
11713.0,-212.53037852371767
11714.0,-27.915418712236125
11715.0,-240.7998218457103
11716.0,-142.88309144793675
11717.0,-285.8343043909051
11718.0,460.6316686800936
11719.0,-225.10788029950612
11720.0,97.82651932862002
11721.0,350.58725687428387
11722.0,378.82385166848763
11723.0,-3.8848455252726355
11724.0,-260.94828856683813
11725.0,-64.5615861738181
11726.0,-270.60328416669205
11727.0,-569.420747694371
11728.0,142.46838399487987
11729.0,228.1523179274669
11730.0,170.90589405270777
11731.0,-88.73300598116839
11732.0,179.58514596852936
11733.0,176.78682556049353
11734.0,-56.27057434823839
11735.0,-185.87258729682577
11736.0,100.44658731097054
11737.0,-63.66217954558495
11738.0,623.2061139971225
11739.0,-122.16898105378053
11740.0,-216.5726412681251
11741.0,-130.98097450073672
11742.0,-293.8266585893762
11743.0,167.92384362729928
11744.0,9.259507593413195
11745.0,-587.4956962603294
11746.0,304.7248094184766
11747.0,251.4635951168525
11748.0,-304.0609677452423
11749.0,108.04336957546032
11750.0,-218.67189979790214
11751.0,-105.13018388543628
11752.0,121.35633108715724
11753.0,-302.9640413485007
11754.0,529.6616399285879
11755.0,-224.55011115095357
11756.0,688.8598020995779
11757.0,121.62140840748232
11758.0,495.8633096373993
11759.0,-104.89700800321319
11760.0,-39.40369282771177
11761.0,-218.4339384089341
11762.0,-242.07542923760337
11763.0,328.4691736616511
11764.0,-121.57062322437415
11765.0,-351.96132723645644
11766.0,235.89654336008957
11767.0,211.84331613383625
11768.0,581.9859083831246
11769.0,-187.81685176717667
11770.0,-88.2035305628131
11771.0,-121.26318282161424
11772.0,-682.3449315356836
11773.0,-61.45599357158186
11774.0,69.00904133898328
11775.0,132.89487284698956
11776.0,41.646820743463174
11777.0,-513.1698248834675
11778.0,216.7434409233469
11779.0,-533.8087878872967
11780.0,-467.10306503157227
11781.0,39.6939896551461
11782.0,178.8448375901788
11783.0,-255.91268436083163
11784.0,468.6909720129367
11785.0,-959.145867517445
11786.0,201.86251191588627
11787.0,-282.56870707573825
11788.0,-392.43495156660424
11789.0,-219.68775779803565
11790.0,169.59302266781253
11791.0,-21.895665769337256
11792.0,-242.2799222872567
11793.0,35.58886075134698
11794.0,336.4403335300434
11795.0,-63.33152033000637
11796.0,-4.44604827378671
11797.0,-312.31536571456024
11798.0,14.581415571942546
11799.0,-258.22351273455075
11800.0,725.838791330284
11801.0,-303.8280646204015
11802.0,-726.1845220640306
11803.0,93.42268369441312
11804.0,92.79798258372118
11805.0,342.4123292506729
11806.0,856.1825394344157
11807.0,-54.88314706218184
11808.0,-213.13720641425525
11809.0,-365.0835488849474
11810.0,-733.4819620034943
11811.0,-206.05838193577966
11812.0,-418.272235260078
11813.0,358.80446947095317
11814.0,-260.6223453246695
11815.0,546.234572258784
11816.0,187.44948665602956
11817.0,-22.033982900795582
11818.0,88.7305170234143
11819.0,-243.1384797848777
11820.0,-41.379666278956066
11821.0,-543.6240241200903
11822.0,840.8060354669688
11823.0,402.8242218186644
11824.0,79.42070559550055
11825.0,473.38979426396463
11826.0,-57.64549004681643
11827.0,210.11286727244186
11828.0,-185.75745290109995
11829.0,22.76913800358591
11830.0,940.7468340773515
11831.0,-442.7066678021557
11832.0,-475.24478225219246
11833.0,-339.9942839816209
11834.0,541.6463647301907
11835.0,333.499079564674
11836.0,-765.4962533792757
11837.0,91.19318918087265
11838.0,164.4507322896628
11839.0,274.61283312273844
11840.0,263.18825389803806
11841.0,303.62233467676475
11842.0,-92.18952553795609
11843.0,208.97371337568302
11844.0,-170.03419050961466
11845.0,41.558196358047326
11846.0,-670.8313651099276
11847.0,452.6593777040686
11848.0,741.8102612544455
11849.0,420.55241150407426
11850.0,400.353002448178
11851.0,-181.64239575564199
11852.0,162.04635840200518
11853.0,2.7480936093335457
11854.0,534.6906446334303
11855.0,145.0593687435125
11856.0,245.63977352375164
11857.0,192.70633663604957
11858.0,486.57398637164704
11859.0,525.2699999852708
11860.0,172.00159142779148
11861.0,342.5619147140178
11862.0,-338.4488098951222
11863.0,99.97133504380328
11864.0,-176.9017178169029
11865.0,316.4260102039329
11866.0,-637.4632411206286
11867.0,74.53335736390167
11868.0,-319.6093541834507
11869.0,-234.07357196963403
11870.0,238.83176324556226
11871.0,684.2995158543802
11872.0,-273.39394690634396
11873.0,229.49387382849574
11874.0,-191.42805181835217
11875.0,591.7365509012383
11876.0,-357.7170769578667
11877.0,279.3492027993535
11878.0,16.385346982374507
11879.0,1015.232107119162
11880.0,-44.24764867011673
11881.0,-259.1203848495992
11882.0,6.686312571179957
11883.0,113.41765950025392
11884.0,164.36906042910607
11885.0,-219.7909106431461
11886.0,-50.91215016522597
11887.0,234.69378482921337
11888.0,-225.74604715601245
11889.0,-124.56806112022937
11890.0,89.3308063458624
11891.0,-24.039822321153473
11892.0,949.8138509171473
11893.0,21.685293242947484
11894.0,-333.06691562171073
11895.0,51.63526677112738
11896.0,-328.74705891806934
11897.0,-622.2335618237698
11898.0,-406.8257232673673
11899.0,-126.38083816157007
11900.0,-298.3568340444088
11901.0,-494.6324027328499
11902.0,579.0223407583984
11903.0,170.42489512238276
11904.0,160.451272789014
11905.0,-127.53245750920856
11906.0,116.51260749164143
11907.0,137.24483689523223
11908.0,-1.2351263056273296
11909.0,613.2508183966268
11910.0,435.23448086059415
11911.0,160.38696710023342
11912.0,-185.47388977035024
11913.0,188.64065599401133
11914.0,-610.5603513173609
11915.0,23.714657186399744
11916.0,-97.90469140459562
11917.0,-120.61345408597192
11918.0,353.0787173357875
11919.0,-18.442887505295516
11920.0,-120.2854689341743
11921.0,15.39291010385792
11922.0,185.80696804774453
11923.0,845.6527630055804
11924.0,349.4593287705585
11925.0,45.89263723696649
11926.0,-7.23792875100213
11927.0,-164.71617083396023
11928.0,107.29963692985879
11929.0,-99.60009978114877
11930.0,48.61636926930338
11931.0,41.19970604370652
11932.0,661.6732170958664
11933.0,305.9589879497774
11934.0,500.41107558683177
11935.0,-231.1609921757443
11936.0,334.17773249931844
11937.0,-326.4023426632565
11938.0,-574.1806195838038
11939.0,148.54087270945143
11940.0,613.9878825912876
11941.0,184.52036741988368
11942.0,-216.10046725875515
11943.0,-616.0735283229872
11944.0,127.46984067427078
11945.0,-96.88155439275019
11946.0,-167.7120378439441
11947.0,-349.946994886193
11948.0,6.614867126927106
11949.0,543.279706406886
11950.0,-362.78103146833774
11951.0,-330.05741949466494
11952.0,347.0145487363173
11953.0,526.430773293447
11954.0,-69.34252030457007
11955.0,368.0894293247757
11956.0,381.72371964173857
11957.0,345.8528403280834
11958.0,-204.68981318862043
11959.0,157.8972183189641
11960.0,-967.3833642179109
11961.0,527.9548197579916
11962.0,-338.84960578595457
11963.0,609.181138601755
11964.0,381.1166205897982
11965.0,-18.351583240230458
11966.0,-92.24291830783082
11967.0,-166.08686551614534
11968.0,-173.93959945806233
11969.0,-221.13734204317626
11970.0,-228.37612245128594
11971.0,198.06160680945982
11972.0,-713.0064769343032
11973.0,-89.68186474183362
11974.0,-480.0045701677802
11975.0,-271.7333959227005
11976.0,565.3236399366715
11977.0,96.1114826323292
11978.0,178.61335856961335
11979.0,-61.17433245470547
11980.0,-368.6916872400587
11981.0,4.847746578177933
11982.0,414.41382134440147
11983.0,-760.3183167930517
11984.0,84.9127153268608
11985.0,-251.84732552029058
11986.0,280.70758458952
11987.0,-391.25027825107674
11988.0,608.4991171703746
11989.0,-27.80846060721226
11990.0,-123.41411926925589
11991.0,-130.8292441940833
11992.0,18.55306889260263
11993.0,-433.1653758772137
11994.0,-303.7091261164652
11995.0,464.71525498507907
11996.0,496.48533446727834
11997.0,-35.13540941579559
11998.0,-131.67918453438747
11999.0,417.2691546213343
